{
  "default": {
    "id": "2",
    "network": "main",
    "name": "中国大陆",
    "rpc": "https://sero-light-node.ririniannian.com",
    "web": "http://pullup.sero.cash/v0_1_6/"
  },
  "host": [
    {
      "id": "1",
      "network": "main",
      "name": "全球",
      "rpc": "https://f-sero-light-node.ririniannian.com",
      "web": "http://pullup.sero.cash/v0_1_6/"
    },
    {
      "id": "2",
      "network": "main",
      "name": "中国大陆",
      "rpc": "https://sero-light-node.ririniannian.com",
      "web": "http://pullup.sero.cash/v0_1_6/"
    }
  ]
}