{
  "version": {
    "docs": "v0.1.25",
    "docsUrl": {
      "zh": "https://sero-1259797294.cos.ap-guangzhou.myqcloud.com/pullup/docs/v0.1.25/docs.zip",
      "en": "https://github.com/sero-cash/pullup-docs/releases/download/v0.1.25/docs.zip"
    },
    "app": "v0.1.16",
    "appUrl": {
      "mac":"https://sero-media-1256272584.file.myqcloud.com/pullup/app/v0.1.16/pullup-mac-v0.1.16.tar.gz",
      "win":"https://sero-media-1256272584.file.myqcloud.com/pullup/app/v0.1.16/pullup-windows-v0.1.16.zip"
    }
  },
  "description": {
    "zh": [
      "1. 新增功能：支持Ticket资产",
      "2. 优化：节点使用HTTPS",
      "3. 修复了发送交易重复发送的问题",
      "4. 增加了第三方DApp使用协议"
    ],
    "en": [
      "1. Added: Support Ticket assets",
      "2. Optimized: The Nodes use HTTPS",
      "3. Fixed the issue of sending transactions repeatedly",
      "4. Added third-party DApp usage agreement"
    ]
  }
}